chunk_id,section_idx,section_header,insurance_topic,start_line,end_line,page,preview,chunk_text
1,6,제8조(보험금의 청구) ································,"보험금, 청구, 철회, 청약, 계약, 알릴 의무, 보험수익자",27,33,,제8조(보험금의 청구) ·········································13 ❸ 계,"제8조(보험금의 청구) ·········································13
❸ 계약 전 알릴 의무 계약 전 알릴 의무가 무엇인가요? 제13조(계약 전 알릴 의무) ·································16
❹ 보험계약의
성립과 유지
청약을 철회하고 싶어요. 제17조(청약의 철회) ··········································17
보험수익자를 변경하고 싶어요. 제20조(계약내용의 변경 등) ·······························18
❺ 보험료의 납입
보험료 납입할 때 유의할 점은
무엇인가요?"
2,79,20. COMMUNICABLE DISEASE EXCLUSION(감염병 면책조항)【,"보험금, 청구, 지급, 청약, 계약, 피보험자, 손해, 배상",129,156,5,20. COMMUNICABLE DISEASE EXCLUSION(감염병 면책조항)【LMA5399】 58  [P,"20. COMMUNICABLE DISEASE EXCLUSION(감염병 면책조항)【LMA5399】 58

[Page 5]
하나 펫사랑보험 약관 | 5
가입자 유의사항
보험계약 관련 특히 유의할 사항
◎ 보험계약 전 알릴의무 위반
계약자, 피보험자 또는 이들의 대리인은 청약할 때 청약서(질문서를 포함합니다)에서 질문한 사항에 대하여 알고
있는 사실을 반드시 사실대로 회사에 알려야 합니다. 그렇지 않은 경우 보험금 지급이 거절되거나 보험계약이 해
지될 수 있습니다.
전화 등 통신수단을 통해 보험에 가입하는 경우에는 별도의 서면질의서 없이 판매자의 질문에 답하고 이를 녹음
하는 방식으로 계약 전 알릴의무를 이행하여야 하므로 답변에 특히 신중하여야 합니다.
◎ 상해 및 질병 관련 보장
이 보험이 상해 등 외래의 사고만을 보험금 지급대상으로 하는지, 질병도 보험금 지급대상으로 하는지, 몇 세까지
보장하는지 등 구체적인 보험금 지급사유를 반드시 확인하시기 바랍니다.
◎ 재물 및 배상책임 관련 보장
타인을 위한 계약을 체결하는 경우에 그 타인의 위임이 없는 때에는 반드시 이를 회사에 알려야 하며, 이를 알리
지 않았을 때에는 그 타인은 이 계약이 체결된 사실을 알지 못하였다는 사유로 회사에 이의를 제기할 수 없으며,
보험사고가 발생한 경우에 계약자가 그 타인에게 보험사고의 발생으로 생긴 손해를 배상한 때에는 계약자는 그
타인의 권리를 해하지 않는 범위 안에서 회사에 보험금의 지급을 청구할 수 있습니다.
보험금 지급관련 유의할 사항
◎ 다수계약의 비례보상에 관한 사항
이 계약에서 보장하는 위험과 같은 위험을 보장하는 다른 계약(공제계약 포함)이 있을 경우에는 약관에서 정한
비율에 따라 보험금을 계산하여 지급합니다.
이 가입자 유의사항은 약관의 주요내용을 요약 발췌한 것이므로
기타 자세한 사항은 해당약관(보통약관, 특별약관)의 내용을 따릅니다.

[Page 6]
6 | 하나 펫사랑보험 약관
주요내용 요약서"
3,83,4. 계약의 무효,"보험금, 지급, 계약, 피보험자, 배상",171,175,,4. 계약의 무효 다음 중 한 가지에 해당되는 경우에는 계약을 무효로 하며 이미 납입한 보험료를 돌려 드립니,"4. 계약의 무효
다음 중 한 가지에 해당되는 경우에는 계약을 무효로 하며 이미 납입한 보험료를 돌려 드립니다.
- 타인의 사망을 보험금 지급사유로 하는 계약에서 계약을 체결할 때까지 피보험자의 서면에 의한 동의를 얻지 않은
경우. 다만, 단체계약의 경우는 제외
- 만 15세 미만자, 심신상실자 또는 심신박약자를 피보험자로 하여 사망을 보험금 지급사유로 한 경우
- 계약을 체결할 때 계약에서 정한 피보험자의 나이에 미달되었거나 초과되었을 경우
- 재물 및 배상책임보험계약을 맺기 전에 이미 보험의 목적에 사고가 발생한 경우"
4,86,7. 계약 전·후 알릴 의무,"보험금, 지급, 해지, 청약, 계약, 알릴 의무, 피보험자",185,190,,"7. 계약 전·후 알릴 의무 1) 계약 전 알릴 의무: 계약자, 피보험자 또는 이들의 대리인은 청약할 때 청","7. 계약 전·후 알릴 의무
1) 계약 전 알릴 의무: 계약자, 피보험자 또는 이들의 대리인은 청약할 때 청약서의 질문사항에 사실대로 기재하고 자
필서명(날인(도장을 찍음) 및 전자서명 포함)을 하셔야 합니다. (단, 전화를 이용하여 계약을 체결하는 경우에는 음
성녹음으로 대체합니다.)
2) 계약 후 알릴의무: 계약자 또는 피보험자는 보험계약을 맺은 후 약관에서 정한 계약후 알릴 의무가 생긴 경우에는
지체 없이 회사에 알리고 보험증권에 확인을 받아야 합니다.
3) 알릴 의무 위반의 효과
약관에 정한 방법에 따라 계약을 해지하거나 보험금 지급이 제한될 수 있습니다."
5,87,8. 보험금의 지급,"보험금, 청구, 지급, 피보험자, 손해, 정의, 이자, 배상",193,201,7,8. 보험금의 지급 보험금 청구서류를 접수한 때에는 접수증을 드리고 그 서류를 접수한 날부터 신체손해에 관한,"8. 보험금의 지급
보험금 청구서류를 접수한 때에는 접수증을 드리고 그 서류를 접수한 날부터 신체손해에 관한 보험금은 3영업일, 재물
손해, 배상책임손해에 대한 보험금은 그 서류를 접수받은 후 지체 없이 지급할 보험금을 결정하고 지급할 보험금이 결

[Page 7]
하나 펫사랑보험 약관 | 7
정되면 7일 이내에 지급하여 드립니다.
다만, 회사가 보험금 지급사유를 조사 및 확인하기 위해 지급기일을 초과할 것이 명백히 예상되는 경우에는 그 구체적
인 사유와 지급예정일 및 보험금 가지급제도(회사가 추정하는 보험금의 50% 이내를 지급)에 대하여 피보험자 또는 보
험수익자에게 즉시 통지합니다. 회사가 지급기일내에 보험금을 지급하지 않았을 때에는 그 다음날부터 지급일까지의
기간에 대하여 소정의 이자를 보험금에 더하여 지급합니다."
6,88,9. 대위권,"보험금, 청구, 지급, 계약, 피보험자, 보험수익자, 손해, 대위권, 배상",204,248,8,9. 대위권 회사가 보험금을 지급한 때(현물보상한 경우를 포함합니다)에는 회사는 지급한 보험금 한도 내에서 ,"9. 대위권
회사가 보험금을 지급한 때(현물보상한 경우를 포함합니다)에는 회사는 지급한 보험금 한도 내에서 보험계약자 또는
피보험자가 제3자에 대하여 가지는 손해배상청구권을 취득합니다. 다만, 회사가 보상한 금액이 피보험자가 입은 손해
의 일부인 경우에는 피보험자의 권리를 침해하지 않는 범위 내에서 그 권리를 취득합니다.
이 주요내용 요약서는 약관의 주요내용을 요약 발췌한 것이므로
기타 자세한 사항은 해당약관(보통약관, 특별약관)의 내용을 따릅니다.

[Page 8]
8 | 하나 펫사랑보험 약관
보험용어 해설
◎ 보험약관
보험계약에 관하여 계약자와 보험회사 상호간에 이행하여야 할 권리와 의무를 정한 것
◎ 보험증권
계약의 성립과 그 내용을 증명하기 위하여 회사가 계약자에게 드리는 증서
◎ 보험계약자
보험회사와 계약을 체결하고 보험료 납입의무를 지는 사람
◎ 피보험자
보험사고의 대상이 되는 사람
◎ 보험수익자
보험금 지급사유가 발생하는 때에 회사에 보험금을 청구하여 받을 수 있는 사람
◎ 보험가입금액
회사와 계약자간에 약정한 금액으로 보험사고가 발생할 때 회사가 지급할 최대 보험금
◎ 보험가액
피보험이익을 금전으로 평가한 금액으로 보험목적에 발생할 수 있는 최대 손해액(회사가 실제 지급하는 보험금은 보
험가액을 초과할 수 없습니다.)
◎ 보험금
신체손해·비용손해 보장 : 피보험자가 사망, 장해, 입원 등 보험금 지급사유가 발생하였을 때 보험회사가 보험 수익자
에게 지급하는 금액
재물손해·배상책임 보장 : 피보험자가 재물손해, 배상책임손해 등 보험금 지급사유가 발생하 였을 때 보험회사가 피
보험자에게 지급하는 금액
◎ 자기부담금
보험사고로 인하여 발생한 손해에 대하여 계약자 또는 피보험자가 부담하는 일정 금액
◎ 보험기간
계약에 따라 보장을 받는 기간
◎ 보장개시일
보험회사가 보험금 지급의무가 시작되는 날
◎ 영업일
회사가 영업점에서 정상적으로 영업하는 날을 말하며, 토요일, ‘관공서의 공휴일에 관한 규정’에 따른 공휴일과 근로자
의 날은 제외

[Page 9]
"
7,108,가. 연단위 복리 : 회사가 지급할 금전에 이자를 줄 때 1년마다 마지막 날에 그,"지급, 이자",279,284,,가. 연단위 복리 : 회사가 지급할 금전에 이자를 줄 때 1년마다 마지막 날에 그 이자를 원금에 더한 금액을,"가. 연단위 복리 : 회사가 지급할 금전에 이자를 줄 때 1년마다 마지막 날에 그 이자를 원금에 더한 금액을 다음 1년
의 원금으로 하는 이자 계산방법을 말합니다.
【연단위 복리】
회사가 지급할 금전에 이자를 줄 때 1년마다 마지막 날에 그 이자를
원금에 더한 금액을 다음 1년의 원금으로 하는 이자 계산방법을 말합니다.
원금 100원, 이자율 연 10%를 가정할 때
- 1년 후 : 100원 + (100원 × 10%) = 110원
- 2년 후 : 110원 + (110원 × 10%) = 121원"
8,120,제4조(보상하는 손해),"보험금, 지급, 계약, 갱신, 피보험자, 손해",309,313,,제4조(보상하는 손해) ① 회사는 보험기간 중에 보험증권에 기재된 반려동물에게 상해 또는 질병(이하 ‘사고’,"제4조(보상하는 손해)
① 회사는 보험기간 중에 보험증권에 기재된 반려동물에게 상해 또는 질병(이하 ‘사고’라 합니다)이 발생하여 수의사
에게 치료를 받은 때에는 피보험자가 부담한 반려동물의 치료비를 이 약관에 따라 피보험자에게 보험가입금액을
한도로 치료비보험금을 보상하여 드립니다. 단, 갱신계약의 경우에는 최초 보험가입 시점 이후의 사고에 의한 경우
에는 보험금을 지급합니다.
② 반려동물이 제1항의 사고로 치료를 받던 중에 보험기간이 만료된 경우에는 만료일부터 180일 이내의 치료비는 보
상하여 드립니다. 다만 사고일 또는 발병일로부터 365일 이내의 치료인 경우에 한합니다."
9,179,제9조(보험금등의 지급절차),"보험금, 청구, 지급, 계약, 피보험자, 이자",407,420,,제9조(보험금등의 지급절차) ① 회사는 제8조(보험금의 청구)에서 정한 서류를 접수한 때에는 접수증을 교부하,"제9조(보험금등의 지급절차)
① 회사는 제8조(보험금의 청구)에서 정한 서류를 접수한 때에는 접수증을 교부하고, 그 서류를 접수받은 후 지체없이
지급할 보험금을 결정하고 지급할 보험금이 결정되면 7일 이내에 이를 지급하여 드립니다. 또한, 지급할 보험금이
결정되기 전이라도 피보험자의 청구가 있을 때에는 회사가 추정한 보험금의 50% 상당액을 가지급보험금으로 지급
합니다.
② 회사는 제1항의 지급보험금이 결정된 후 7일이 지나도록 보험금을 지급하지 않았을 때에는 지체된 날부터 지급일
까지 <부표> ‘보험금을 지급할 때의 적립이율’에 따라 연단위 복리로 계산한 금액을 보험금에 더하여 지급합니다.
그러나 계약자 또는 피보험자의 책임 있는 사유로 지체된 경우에는 그 해당기간에 대한 이자를 더하여 지급하지 않
습니다.
기 간 지 급 이 자
지급기일의 다음 날부터 30일 이내 기간 보험계약대출이율
지급기일의 31일이후부터 60일이내 기간 보험계약대출이율+ 가산이율(4.0%)
지급기일의 61일이후부터 90일이내 기간 보험계약대출이율+ 가산이율(6.0%)
지급기일의 91일이후 기간 보험계약대출이율+ 가산이율(8.0%)
<부표> 보험금을 지급할 때의 적립이율 계산(제9조 제2항 관련)
주) 보험계약대출이율은 보험개발원이 공시하는 보험계약대출이율을 적용합니다."
10,190,2. 피보험자가 손해배상을 함으로써 대위 취득하는 것이 있을 경우에는 그 대위권,"계약, 피보험자, 손해, 대위권, 배상",453,459,16,2. 피보험자가 손해배상을 함으로써 대위 취득하는 것이 있을 경우에는 그 대위권 ② 계약자 또는 피보험자는 ,"2. 피보험자가 손해배상을 함으로써 대위 취득하는 것이 있을 경우에는 그 대위권
② 계약자 또는 피보험자는 제1항에 의하여 회사가 취득한 권리를 행사하거나 지키는 것에 관하여 조치를 하여야 하
며, 또한 회사가 요구하는 증거 및 서류를 제출하여야 합니다.
③ 회사는 제1항, 제2항에도 불구하고 타인을 위한 보험계약의 경우에는 계약자에 대한 대위권을 포기합니다.
④ 회사는 제1항에 따른 권리가 계약자 또는 피보험자와 생계를 같이 하는 가족에 대한 것인 경우에는 그 권리를 취득
하지 못합니다. 다만, 손해가 그 가족의 고의로 인하여 발생한 경우에는 그 권리를 취득합니다.

[Page 16]
16 | 하나 펫사랑보험 약관"
11,196,3. 위험이 뚜렷이 변경되거나 변경되었음을 알았을 때,"청구, 해지, 계약, 피보험자",472,476,,3. 위험이 뚜렷이 변경되거나 변경되었음을 알았을 때 ② 회사는 제1항에 따라 위험이 감소된 경우에는 그 차,"3. 위험이 뚜렷이 변경되거나 변경되었음을 알았을 때
② 회사는 제1항에 따라 위험이 감소된 경우에는 그 차액보험료를 돌려드리며, 위험이 증가된 경우에는 통지를 받은
날부터 1개월 이내에 보험료의 증액을 청구하거나 계약을 해지할 수 있습니다.
③ 계약자 또는 피보험자는 주소 또는 연락처가 변경된 경우에는 지체 없이 이를 회사에 알려야 합니다. 다만, 계약자
또는 피보험자가 알리지 않은 경우 회사가 알고 있는 최종의 주소 또는 연락처로 등기우편 등 우편물에 대한 기록이
남는 방법으로 회사가 알린 사항은 일반적으로 도달에 필요한 기간이 지난 때에는 계약자 또는 피보험자에게 도달
한 것으로 봅니다."
12,199,제16조(보험계약의 성립),"청약, 계약",486,491,,제16조(보험계약의 성립) ① 계약은 계약자의 청약과 회사의 승낙으로 이루어집니다. ② 회사는 계약의 청약을,"제16조(보험계약의 성립)
① 계약은 계약자의 청약과 회사의 승낙으로 이루어집니다.
② 회사는 계약의 청약을 받고 보험료 전액 또는 제1회 보험료(이하 ‘제1회 보험료 등’이라 합니다)를 받은 경우에는
청약일부터 30일 이내에 승낙 또는 거절의 통지를 하며 통지가 없으면 승낙한 것으로 봅니다.
③ 회사가 청약을 승낙한 때에는 지체 없이 보험증권을 계약자에게 교부하여 드리며, 청약을 거절한 경우에는 거절통
지와 함께 받은 금액을 계약자에게 돌려드립니다.
④ 이미 성립한 계약을 연장하거나 변경하는 경우에는 회사는 보험증권에 그 사실을 기재함으로써 보험증권의 교부에
대신할 수 있습니다."
13,200,제17조(청약의 철회),"철회, 청약, 계약, 정의",494,543,18,제17조(청약의 철회) ① 계약자는 보험증권을 받은 날부터 15일 이내에 그 청약을 철회할 수 있습니다. 다,"제17조(청약의 철회)
① 계약자는 보험증권을 받은 날부터 15일 이내에 그 청약을 철회할 수 있습니다. 다만, 의무보험의 경우에는 철회의사
를 표시한 시점에 동종의 다른 의무보험에 가입된 경우에만 철회할 수 있으며, 보험기간이 90일 이내인 계약 또는
전문금융소비자가 체결한 계약은 청약을 철회할 수 없습니다.
【전문금융소비자】
보험계약에 관한 전문성, 자산규모 등에 비추어 보험계약에 따른 위험감수능력이 있는 자로서, 국가,
지방자치단체, 한국은행, 금융회사, 주권상장법인 등을 포함하며 ｢금융소비자 보호에 관한 법률｣ 제2
조(정의) 제9호에서 정하는 전문금융소비자를 말합니다.
【일반금융소비자】
전문금융소비자가 아닌 계약자를 말합니다.
② 제1항에도 불구하고 청약한 날부터 30일이 초과된 계약은 청약을 철회할 수 없습니다. (단, 65세 이상의 통신수단
중 전화를 이용하여 체결한 경우 45일)이 초과된 계약은 청약을 철회할 수 없습니다.
【청약철회 가능기간】
[사례1]
청약철회 가능기간
(보험증권을 받은 날부터 15일 이내까지)
2021년 4월 1일
청약일
2021년 4월 5일
보험증권을 받은 날
2021년 4월 20일
보험증권을 받은 날 + 15일
2021년 5월 1일
청약일 + 30일
[사례2]
청약철회 가능기간
(청약 후 30일이 되는 날까지)
2021년 4월 1일
청약일
2021년 4월 19일
보험증권을 받은 날
2021년 5월 1일
청약일 + 30일
2021년 5월 4일
보험증권을 받은 날 + 15일
일반적으로 계약자는 [사례1]의 경우처럼 보험증권을 받은 날부터 15일 이내에 청약을 철회할 수 있습
니다. 그러나, [사례2]의 경우처럼 보험증권을 받은 날부터 15일(2021년 5월 4일)이 청약한 날부터
30일(2021년 5월 1일)을 초과하는 경우 청약철회 가능기간은 2021년 5월 1일까지로 합니다.
③ 청약철회는 계약자가 전화로 신청하거나, 철회의사를 표시하기 위한 서면, 전자우편, 휴대전화 문자메시지 또는 이
에 준하는 전자적 의사표시(이하 "
14,200,제17조(청약의 철회),"보험금, 청구, 지급, 철회, 청약, 계약",494,543,18,럼 보험증권을 받은 날부터 15일(2021년 5월 4일)이 청약한 날부터 30일(2021년 5월 1일)을 초,"럼 보험증권을 받은 날부터 15일(2021년 5월 4일)이 청약한 날부터
30일(2021년 5월 1일)을 초과하는 경우 청약철회 가능기간은 2021년 5월 1일까지로 합니다.
③ 청약철회는 계약자가 전화로 신청하거나, 철회의사를 표시하기 위한 서면, 전자우편, 휴대전화 문자메시지 또는 이
에 준하는 전자적 의사표시(이하 ‘서면 등’이라 합니다)를 발송한 때 효력이 발생합니다. 계약자는 서면 등을 발송한
때에 그 발송 사실을 회사에 지체없이 알려야 합니다.
④ 계약자가 청약을 철회한 때에는 회사는 청약의 철회를 접수한 날부터 3영업일 이내에 납입한 보험료를 계약자에게
돌려 드리며, 보험료 반환이 늦어진 기간에 대하여는 보험개발원이 공시하는 보험계약대출이율을 연단위 복리로
계산한 금액을 더하여 지급합니다. 다만, 계약자가 제1회 보험료 등을 신용카드로 납입한 계약의 청약을 철회하는
경우에 회사는 청약의 철회를 접수한 날부터 3영업일 이내에 해당 신용카드회사로 하여금 대금청구를 하지 않도록
해야 하며, 이 경우 회사는 보험료를 반환한 것으로 봅니다.
⑤ 청약을 철회할 때에 이미 보험금 지급사유가 발생하였으나 계약자가 그 보험금 지급사유가 발생한 사실을 알지 못

[Page 18]
18 | 하나 펫사랑보험 약관
한 경우에는 청약철회의 효력은 발생하지 않습니다.
⑥ 제1항에서 보험증권을 받은 날에 대한 다툼이 발생한 경우 회사가 이를 증명하여야 합니다."
15,206,"2. 전화를 이용하여 청약내용, 보험료납입, 보험기간, 계약전 알릴의무, 약관의 ","지급, 청약, 계약",558,567,,"2. 전화를 이용하여 청약내용, 보험료납입, 보험기간, 계약전 알릴의무, 약관의 중요한 내용 등 계약을 체결","2. 전화를 이용하여 청약내용, 보험료납입, 보험기간, 계약전 알릴의무, 약관의 중요한 내용 등 계약을 체결하는 데
필요한 사항을 질문 또는 설명하는 방법. 이 경우 계약자의 답변과 확인내용을 음성 녹음함으로써 약관의 중요한
내용을 설명한 것으로 봅니다.
【통신판매계약】
전화․우편․인터넷 등 통신수단을 이용하여 체결하는 계약을 말합니다.
③ 회사가 제1항에 따라 제공될 약관 및 계약자 보관용 청약서를 청약할 때 계약자에게 전달하지 않거나 약관의 중요
한 내용을 설명하지 않은 때 또는 계약을 체결할 때 계약자가 청약서에 자필서명을 하지 않은 때에는 계약자는 계약
이 성립한 날부터 3개월 이내에 계약을 취소할 수 있습니다.
【자필서명】
날인(도장을 찍음) 및 전자서명법 제2조 제2호에 따른 전자서명을 포함합니다.
④ 제3항에 따라 계약이 취소된 경우에는 회사는 이미 납입한 보험료를 계약자에게 돌려 드리며, 보험료를 받은 기간
에 대하여 보험개발원이 공시하는 보험계약대출이율을 연단위 복리로 계산한 금액을 더하여 지급합니다."
16,213,"5. 보상한도액, 보험료 등 기타 계약의 내용","지급, 해지, 환급, 계약",582,589,19,"5. 보상한도액, 보험료 등 기타 계약의 내용 ② 회사는 계약자가 제1회 보험료 등을 납입한 때부터 1년 이","5. 보상한도액, 보험료 등 기타 계약의 내용
② 회사는 계약자가 제1회 보험료 등을 납입한 때부터 1년 이상 지난 유효한 계약으로서 그 보험종목의 변경을 요청할
때에는 회사의 사업방법서에서 정하는 방법에 따라 이를 변경하여 드립니다.
③ 회사는 계약자가 제1항 제5호의 규정에 의하여 보상한도액을 감액하고자 할 때에는 그 감액된 부분은 계약이 해지

[Page 19]
하나 펫사랑보험 약관 | 19
된 것으로 보며, 제31조(보험료의 환급)에 따라 보험료를 계약자에게 지급합니다.
④ 회사는 제1항에 따라 계약자를 변경한 경우, 변경된 계약자에게 보험증권 및 약관을 교부하고 변경된 계약자가 요
청하는 경우 약관의 중요한 내용을 설명하여 드립니다."
17,215,제22조(타인을 위한 계약),"보험금, 청구, 지급, 계약, 손해, 배상",596,602,20,제22조(타인을 위한 계약) ① 계약자는 타인을 위한 계약을 체결하는 경우에 그 타인의 위임이 없는 때에는 ,"제22조(타인을 위한 계약)
① 계약자는 타인을 위한 계약을 체결하는 경우에 그 타인의 위임이 없는 때에는 반드시 이를 회사에 알려야 하며, 이
를 알리지 않았을 때에는 그 타인은 이 계약이 체결된 사실을 알지 못하였다는 사유로 회사에 이의를 제기할 수 없
습니다.
② 타인을 위한 계약에서 보험사고가 발생한 경우에 계약자가 그 타인에게 보험사고의 발생으로 생긴 손해를 배상한
때에는 계약자는 그 타인의 권리를 해하지 않는 범위 안에서 회사에 보험금의 지급을 청구할 수 있습니다.

[Page 20]
20 | 하나 펫사랑보험 약관"
18,219,"2. 제6조(보상하지 않는 손해), 제15조(사기에 의한 계약), 제19조(계약의","해지, 계약, 갱신, 손해",613,616,,"2. 제6조(보상하지 않는 손해), 제15조(사기에 의한 계약), 제19조(계약의 무효) 또는 제28조(계약","2. 제6조(보상하지 않는 손해), 제15조(사기에 의한 계약), 제19조(계약의 무효) 또는 제28조(계약의 해지)의 규정을
준용하여 회사가 보장을 하지 않을 수 있는 경우
④ 계약자가 제1회 보험료 등을 자동이체 또는 신용카드로 납입하는 경우에는 자동이체신청 및 신용카드매출승인에
필요한 정보를 회사에 제공한 때가 제1회 보험료 등을 납입한 때가 되나, 계약자의 책임 있는 사유로 자동이체 또는
매출승인이 불가능한 경우에는 제1회 보험료 등이 납입되지 않은 것으로 봅니다.
⑤ 계약이 갱신되는 경우에는 제1항 내지 제3항에 의한 보장은 기존 계약에 의한 보장이 종료하는 때부터 적용합니다."
19,221,제25조(보험료의 납입이 연체되는 경우 납입최고(독촉)와 계약의 해지),"보험금, 지급, 해지, 계약",625,627,,제25조(보험료의 납입이 연체되는 경우 납입최고(독촉)와 계약의 해지) ① 계약자가 제2회 이후의 보험료를 ,"제25조(보험료의 납입이 연체되는 경우 납입최고(독촉)와 계약의 해지)
① 계약자가 제2회 이후의 보험료를 납입기일까지 납입하지 않아 보험료 납입이 연체 중인 경우에 회사는 14일(보험
기간이 1년 미만인 경우에는 7일) 이상의 기간을 납입최고(독촉)기간으로 정하여 계약자(타인을 위한 계약의 경우
그 특정된 타인을 포함합니다)에게 다음의 내용을 서면(등기우편 등), 전화(음성녹음) 또는 전자문서 등으로 알려
드립니다. 다만, 계약이 해지되기 전에 발생한 보험금 지급사유에 대하여 회사는 계약상의 보장을 합니다."
20,223,2. 납입최고(독촉)기간이 끝나는 날까지 보험료를 납입하지 않을 경우 그 끝나는 ,"해지, 계약, 정의",631,638,,2. 납입최고(독촉)기간이 끝나는 날까지 보험료를 납입하지 않을 경우 그 끝나는 날의 다음날에 계약이 해지된,"2. 납입최고(독촉)기간이 끝나는 날까지 보험료를 납입하지 않을 경우 그 끝나는 날의 다음날에 계약이 해지된다는 내
용
② 제1항의 납입최고(독촉)기간은 납입최고(독촉)의 통지가 계약자(타인을 위한 계약의 경우에는 그 특정된 타인을
포함)에게 도달한 날부터 시작되며, 납입최고(독촉)기간의 마지막 날이 영업일이 아닌 때에는 최고(독촉)기간은 그
다음 날까지로 합니다.
③ 회사가 제1항에 따른 납입최고(독촉) 등을 전자문서로 안내하고자 할 경우에는 계약자에게 서면, 전자서명법 제2
조제2호에 따른 전자서명으로 동의를 얻어 수신확인을 조건으로 전자문서를 송신하여야 하며, 계약자가 전자문서
에 대하여 수신을 확인하기 전까지 는 그 전자문서는 송신되지 않은 것으로 봅니다. 회사는 전자문서가 수신되지
않은 것을 확인한 경우에 는 제1항에서 정한 내용을 서면(등기우편 등) 또는 전화(음성녹음)로 다시 알려 드립니다.
【전자서명법 제2조(정의)】"
21,225,제26조(보험료의 납입연체로 인한 해지계약의 부활[효력회복]),"해지, 환급, 청약, 계약, 알릴 의무",644,652,21,제26조(보험료의 납입연체로 인한 해지계약의 부활[효력회복]) ① 제25조(보험료의 납입이 연체되는 경우 납,"제26조(보험료의 납입연체로 인한 해지계약의 부활[효력회복])
① 제25조(보험료의 납입이 연체되는 경우 납입최고[독촉]와 계약의 해지)에 따라 계약이 해지되었으나 계약자가 제

[Page 21]
하나 펫사랑보험 약관 | 21
31조(보험료의 환급)에 따라 보험료를 돌려받지 않은 경우 계약자는 해지된 날부터 3년 이내에 회사가 정한 절차에
따라 계약의 부활(효력회복)을 청약할 수 있습니다. 이 경우 회사가 그 청약을 승낙한 때에는 계약자는 부활(효력회
복)을 청약한 날까지의 연체된 보험료에 보험개발원이 공시하는 월평균 정기예금이율 + 1% 범위내에서 각 상품별
로 회사가 정하는 이율로 계산한 금액을 더하여 납입하여야 합니다.
② 제1항에 따라 해지계약을 부활(효력회복)하는 경우에는 제13조(계약 전 알릴 의무), 제15조(사기에 의한 계약), 제
16조(보험계약의 성립), 제23조(제1회 보험료 등 및 회사의 보장개시) 및 제28조(계약의 해지)의 규정을 준용합니"
22,227,제27조(강제집행 등으로 인한 해지계약의 특별부활[효력회복]),"청구, 지급, 해지, 환급, 청약, 계약, 피보험자",656,668,22,제27조(강제집행 등으로 인한 해지계약의 특별부활[효력회복]) ① 타인을 위한 계약의 경우 제31조(보험료의,"제27조(강제집행 등으로 인한 해지계약의 특별부활[효력회복])
① 타인을 위한 계약의 경우 제31조(보험료의 환급)에 따른 계약자의 환급금 청구권에 대한 강제집행, 담보권실행, 국
세 및 지방세 체납처분절차에 의해 계약이 해지된 경우에는, 회사는 해지 당시의 피보험자가 계약자의 동의를 얻어
계약 해지로 회사가 채권자에게 지급한 금액을 회사에게 지급하고 제20조(계약내용의 변경 등) 제1항의 절차에 따
라 계약자 명의를 피보험자로 변경하여 계약의 특별부활(효력회복)을 청약할 수 있음을 피보험자에게 통지하여야
합니다.
② 회사는 제1항에 의한 계약자 명의변경 신청 및 계약의 특별부활(효력회복) 청약을 승낙하며, 계약은 청약한 때부터
특별부활(효력회복) 됩니다.
③ 회사는 제1항의 통지를 계약이 해지된 날부터 7일 이내에 하여야 합니다. 다만, 회사의 통지가 7일을 지나서 도달하
고 이후 피보험자가 제1항에 의한 계약자 명의변경 신청 및 계약의 특별부활(효력회복)을 청약한 경우에는 계약이
해지된 날부터 7일이 되는 날에 특별부활(효력회복) 됩니다.
④ 피보험자는 통지를 받은 날부터 15일 이내에 제1항의 절차를 이행할 수 있습니다.

[Page 22]
22 | 하나 펫사랑보험 약관"
23,229,제28조(계약의 해지),"해지, 계약, 피보험자, 손해",672,675,,"제28조(계약의 해지) ① 계약자는 손해가 발생하기 전에는 언제든지 계약을 해지할 수 있습니다. 다만, 타인","제28조(계약의 해지)
① 계약자는 손해가 발생하기 전에는 언제든지 계약을 해지할 수 있습니다. 다만, 타인을 위한 계약의 경우에는 계약자
는 그 타인의 동의를 얻거나 보험증권을 소지한 경우에 한하여 계약을 해지할 수 있습니다.
② 회사는 계약자 또는 피보험자의 고의로 손해가 발생한 경우 이 계약을 해지할 수 있습니다.
③ 회사는 아래와 같은 사실이 있을 경우에는 손해의 발생여부에 관계없이 그 사실을 안 날부터 1개월 이내에 이 계약
을 해지할 수 있습니다."
24,235,4. 보험을 모집한 자(이하 “보험설계사 등”이라 합니다)가 계약자 또는 피보험자,"해지, 계약, 피보험자, 손해",687,690,,4. 보험을 모집한 자(이하 “보험설계사 등”이라 합니다)가 계약자 또는 피보험자에게 알릴 기회를 주지 않았,"4. 보험을 모집한 자(이하 “보험설계사 등”이라 합니다)가 계약자 또는 피보험자에게 알릴 기회를 주지 않았거나 계
약자 또는 피보험자가 사실대로 알리는 것을 방해한 경우, 계약자 또는 피보험자에게 사실대로 알리지 않게 하였
거나 부실한 사항을 알릴 것을 권유했을 때. 다만, 보험설계사 등의 행위가 없었다 하더라도 계약자 또는 피보험
자가 사실대로 알리지 않거나 부실한 사항을 알렸다고 인정되는 경우에는 계약을 해지할 수 있습니다.
⑤ 제3항에 의한 계약의 해지는 손해가 생긴 후에 이루어진 경우에도 회사는 그 손해를 보상하여 드리지 않습니다. 손
해가 제3항 제1호 및 제2호의 사실로 생긴 것이 아님을 계약자 또는 피보험자가 증명한 경우에는 보상하여 드립니"
25,237,제28조의2(위법계약의 해지),"지급, 해지, 환급, 계약",696,705,,제28조의2(위법계약의 해지) ① 계약자는 ｢금융소비자 보호에 관한 법률｣ 제47조 및 관련규정이 정하는 바,"제28조의2(위법계약의 해지)
① 계약자는 ｢금융소비자 보호에 관한 법률｣ 제47조 및 관련규정이 정하는 바에 따라 계약체결에 대한 회사의 법위반
사항이 있는 경우 계약체결일부터 5년 이내의 범위에서 계약자가 위반사항을 안 날부터 1년 이내에 계약해지요구
서에 증빙서류를 첨부하여 위법계약의 해지를 요구할 수 있습니다. 다만, 의무보험의 해지를 요구하려는 경우에는
동종의 다른 의무보험에 가입되어 있어야 합니다.
② 회사는 해지요구를 받은 날부터 10일 이내에 수락여부를 계약자에 통지하여야 하며, 거절할 때에는 거절 사유를 함
께 통지하여야 합니다.
③ 계약자는 회사가 정당한 사유 없이 제1항의 요구를 따르지 않는 경우 해당 계약을 해지할 수 있습니다.
④ 제1항 및 제3항에 따라 계약이 해지된 경우 회사는 제31조(보험료의 환급) 제1항 제1호에 따른 환급금을 계약자에
게 지급합니다.
⑤ 계약자는 제1항에 따른 제척기간에도 불구하고 민법 등 관계 법령에서 정하는 바에 따라 법률상의 권리를 행사할
수 있습니다."
26,244,2. 계약자 또는 피보험자의 책임 있는 사유에 의하는 경우 : 이미 경과한 기간에,"계약, 피보험자",729,733,,2. 계약자 또는 피보험자의 책임 있는 사유에 의하는 경우 : 이미 경과한 기간에 대하여 단기요율(1년미만의,"2. 계약자 또는 피보험자의 책임 있는 사유에 의하는 경우 : 이미 경과한 기간에 대하여 단기요율(1년미만의 기간에
적용되는 요율)로 계산한 보험료를 뺀 잔액. 다만, 계약자, 피보험자의 고의 또는 중대한 과실로 무효가 된 때에는
보험료를 돌려드리지 않습니다.
② 보험기간이 1년을 초과하는 계약이 무효 또는 효력상실인 경우에는 무효 또는 효력상실이 원인이 생긴 날 또는 해
지일이 속하는 보험년도의 보험료는 위 제1항 규정을 적용하고 그 이후의 보험년도에 속하는 보험료는 전액을 돌
려드립니다.
③ 제1항 제2호에서 ‘계약자 또는 피보험자의 책임 있는 사유’라 함은 다음 각 호를 말합니다."
27,249,제32조(분쟁의 조정),"계약, 분쟁",747,751,,제32조(분쟁의 조정) ① 계약에 관하여 분쟁이 있는 경우에는 분쟁당사자 또는 기타 이해관계인과 회사는 금융,"제32조(분쟁의 조정)
① 계약에 관하여 분쟁이 있는 경우에는 분쟁당사자 또는 기타 이해관계인과 회사는 금융감독원장에게 조정을 신청할
수 있으며, 분쟁조정 과정에서 계약자는 관계 법령이 정하는 바에 따라 회사가 기록 및 유지･관리하는 자료의 열람
(사본의 제공 또는 청취를 포함한다)을 요구할 수 있습니다.
② 회사는 일반금융소비자인 계약자가 조정을 통하여 주장하는 권리나 이익의 가액이 「금융소비자 보호에 관한 법
률」 제42조에서 정하는 일정 금액 이내인 분쟁사건에 대하여 조정절차가 개시된 경우에는 관계 법령이 정하는 경
우를 제외하고는 소를 제기하지 않습니다."
28,254,제36조(설명서 교부 및 보험안내자료 등의 효력),"청약, 계약, 설명서",767,774,,제36조(설명서 교부 및 보험안내자료 등의 효력) ① 회사는 일반금융소비자에게 청약을 권유하거나 일반금융소비,"제36조(설명서 교부 및 보험안내자료 등의 효력)
① 회사는 일반금융소비자에게 청약을 권유하거나 일반금융소비자가 설명을 요청하는 경우 보험상품에 관한 중요한
사항을 계약자가 이해할 수 있도록 설명하고 계약자가 이해하였음을 서명(「전자서명법」 제2조 제2호에 따른 전
자서명을 포함), 기명날인 또는 녹취 등을 통해 확인받아야 하며, 설명서를 제공하여야 합니다.
② 설명서, 약관, 계약자 보관용 청약서 및 보험증권의 제공 사실에 관하여 계약자와 회사간에 다툼이 있는 경우에는
회사가 이를 증명하여야 합니다.
③ 보험설계사 등이 모집과정에서 사용한 회사 제작의 보험안내자료의 내용이 약관의 내용과 다른 경우에는 계약자에
게 유리한 내용으로 계약이 성립된 것으로 봅니다.
【보험안내자료】
계약의 청약을 권유하기 위해 만든 서류 등을 말합니다."
29,255,제37조(회사의 손해배상책임),"보험금, 지급, 계약, 피보험자, 손해, 배상",777,781,,"제37조(회사의 손해배상책임) ① 회사는 계약과 관련하여 임직원, 보험설계사 및 대리점의 책임있는 사유로 인","제37조(회사의 손해배상책임)
① 회사는 계약과 관련하여 임직원, 보험설계사 및 대리점의 책임있는 사유로 인하여 계약자 및 피보험자에게 발생된
손해에 대하여 관계 법령 등에 따라 손해배상의 책임을 집니다.
② 회사는 보험금 지급 거절 및 지연지급의 사유가 없음을 알았거나 알 수 있었음에도 불구하고 소를 제기하여 계약자
또는 피보험자에게 손해를 가한 경우에는 그에 따른 손해를 배상할 책임을 집니다.
③ 회사가 보험금 지급여부 및 지급금액에 관하여 현저하게 공정을 잃은 합의로 계약자 또는 피보험자에게 손해를 가
한 경우에도 회사는 제2항에 따라 손해를 배상할 책임을 집니다."
30,256,제38조(개인정보보호),"보험금, 지급, 계약, 피보험자, 개인정보",784,790,25,제38조(개인정보보호)  [Page 25] 하나 펫사랑보험 약관 | 25 ① 회사는 이 계약과 관련된 개인정,"제38조(개인정보보호)

[Page 25]
하나 펫사랑보험 약관 | 25
① 회사는 이 계약과 관련된 개인정보를 이 계약의 체결, 유지, 보험금 지급 등을 위하여 「개인정보 보호법」,「신용
정보의 이용 및 보호에 관한 법률」등 관계 법령에 정한 경우를 제외하고 계약자 또는 피보험자의 동의없이 수집,
이용, 조회 또는 제공하지 않습니다. 다만, 회사는 이 계약의 체결, 유지, 보험금 지급 등을 위하여 위 관계 법령에 따
라 계약자 및 피보험자의 동의를 받아 다른 보험회사 및 보험관련단체 등에 개인정보를 제공할 수 있습니다.
② 회사는 계약과 관련된 개인정보를 안전하게 관리하여야 합니다."
31,308,제4조(타인을 위한 계약),"보험금, 청구, 지급, 계약, 손해, 배상",933,936,,제4조(타인을 위한 계약) ① 계약자는 타인을 위한 계약을 체결하는 경우에 그 타인의 위임이 없는 때에는 반,"제4조(타인을 위한 계약)
① 계약자는 타인을 위한 계약을 체결하는 경우에 그 타인의 위임이 없는 때에는 반드시 이를 회사에 알려야 하며, 이
를 알리지 않았을 때에는 그 타인은 이 계약이 체결된 사실을 알리지 못하였다는 사유로 회사에 이의를 제기할 수
없습니다.
② 타인을 위한 계약에서 보험사고가 발생한 경우에 계약자가 그 타인에게 보험사고의 발생으로 생긴 손해를 배상한
때에는 계약자는 그 타인의 권리를 해하지 않는 범위 안에서 회사에 보험금 지급을 청구 할 수 있습니다."
32,320,제7조(손해배상청구에 대한 회사의 해결),"보험금, 청구, 지급, 계약, 피보험자, 손해, 배상",961,969,,제7조(손해배상청구에 대한 회사의 해결) ① 피보험자가 피해자로부터 손해배상책임을 지는 사고가 생긴 때에는 ,"제7조(손해배상청구에 대한 회사의 해결)
① 피보험자가 피해자로부터 손해배상책임을 지는 사고가 생긴 때에는 피해자는 이 특별약관에 의하여 회사가 피보험
자에게 지급책임을 지는 금액 한도 내에서 회사에 대하여 보험금의 지급을 직접 청구할 수 있습니다. 그러나 회사는
피보험자가 그 사고에 관하여 가지는 항변으로써 피해자에게 대항할 수 있습니다.
② 회사는 제1항의 청구를 받았을 때에는 지체 없이 피보험자에게 통지하여야 하며, 회사의요구가 있으면 피보험자
및 보험계약자는 필요한 서류, 증거의 제출, 증언 또는 증인 출석에 협조하여야 합니다.
③ 피보험자가 피해자로부터 손해배상의 청구를 받았을 경우에 회사가 필요하다고 인정할 때에는 피보험자를 대신하
여 회사의 비용으로 이를 해결할 수 있습니다. 이 경우 회사의 요구가 있으면 보험계약자 및 피보험자는 이에 협력
하여야 합니다.
④ 계약자 및 피보험자가 정당한 이유 없이 제2항, 제3항의 요구에 협조하지 않은 때에는 회사는 그로 인해 늘어난 손
해는 보상하여 드리지 않습니다."
33,321,제8조(보험금의 분담),"보험금, 청구, 지급, 계약, 피보험자, 손해",972,982,35,제8조(보험금의 분담) ① 회사는 이 계약에서 보장하는 위험과 같은 위험을 보장하는 다른 계약(공제계약(각종,"제8조(보험금의 분담)
① 회사는 이 계약에서 보장하는 위험과 같은 위험을 보장하는 다른 계약(공제계약(각종 공제회에 가입되어 있는 계
약)을 포함합니다)이 있을 경우에는 각 계약에 대하여 다른 계약이 없는 것으로 하여 각각 산출한 보상책임액의 합
계액이 손해액을 넘을 때에는 회사는 이 계약에 의한 보상책임액의 전기합계액(각각 산출한 보상책임액의 합계액)
에 대한 비율에 따라 보상하여 드립니다.

[Page 35]
하나 펫사랑보험 약관 | 35
② 이 계약이 의무보험이 아니고 다른 의무보험이 있는 경우에는 다른 의무보험에서 보상되는 금액(피보험자가 가입
을 하지 않은 경우에는 보상될 것으로 추정되는 금액)을 차감한금액을 손해액으로 간주하여 제1항에 의한 보상할
금액을 결정합니다.
③ 피보험자가 다른 계약에 대하여 보험금 청구를 포기한 경우에도 회사의 제1항에 의한 지급보험금 결정에는 영향을
미치지 않습니다."
34,322,제9조(합의·절충·중재·소송의 협조·대행 등),"보험금, 지급, 피보험자, 손해, 배상",985,990,,제9조(합의·절충·중재·소송의 협조·대행 등) ① 회사는 피보험자의 법률상 손해배상책임을 확정하기 위하여 피,"제9조(합의·절충·중재·소송의 협조·대행 등)
① 회사는 피보험자의 법률상 손해배상책임을 확정하기 위하여 피보험자가 피해자와 행하는 합의·절충·중재 또는 소
송(확인의 소를 포함합니다)에 대하여 협조하거나, 피보험자를 위하여 이러한 절차를 대행할 수 있습니다.
② 회사는 피보험자에 대하여 보상책임을 지는 한도(동일한 사고로 이미 지급한 보험금이나 가지급보험금이 있는 경
우에는 그 금액을 공제한 액수를 말하며, 이하 같습니다) 내에서 제1항의 절차에 협조하거나 대행합니다.
③ 회사가 제 1 항의 절차에 협조하거나 대행하는 경우에는 피보험자는 회사의 요청에 따라 협력해야 하며, 피보험자
가 정당한 이유없이 협력하지 않는 경우에는 그로 말미암아 늘어난 손해에 대해서 보상하지 않습니다.
④ 회사는 다음의 경우에는 제 1 항의 절차를 대행하지 않습니다."
35,341,제1조(보상하는 손해),"지급, 피보험자, 손해",1031,1045,,제1조(보상하는 손해) ① 회사는 피보험자가 보험기간 중에 상해를 입고 그 직접결과로써 생활기능 또는 업무능,"제1조(보상하는 손해)
① 회사는 피보험자가 보험기간 중에 상해를 입고 그 직접결과로써 생활기능 또는 업무능력에 지장을 가져와 병원 또
는 의원(한방병원 또는 한의원을 포함합니다)에서 입원(“병원” 또는 “의원”을 이전하여 입원한 경우에도 동일한 상
해의 치료를 직접 목적으로 입원한 경우에는 계속하여 입원한 것으로 보아 각 입원일수를 합산합니다.)하여 치료를
받은 경우에 보험증권에 기재된 반려동물을 수탁기관에 위탁함으로써 발생한 위탁비용을 피보험자에게 지급하여
드립니다.
② 제1항의 위탁비용은 반려동물 위탁 1일당 이 특별약관의 보험가입금액을 한도로 피보험자에게 지급합니다. 단, 위
탁비용의 지급일수는 피보험자의 1회 입원당 180일 한도로 합니다.
【입원】
이 보험에서「입원」이라 함은 의사, 치과의사 또는 한의사의 면허를 가진 자(이하 「의사」라 합니다)에 의하여 치료가
필요하다고 인정한 경우로서 자택 등에서 치료가 곤란하여 의료법 제3조(의료기관) 제2항에 규정된 병원 또는 의원
(한방병원 및 한의원을 포함합니다) 또는 이와 동등하다고 회사가 인정하는 의료기관에 입실하여 의사의 관리하에 치
료에 전념하는 것을 말합니다.
【의사】
피보험자 및 그 가족이 아닌 유면허 의료행위를 하는 자를 말합니다.
※ 이 보험의 적용에 있어 야기되는 진료수준 및 용어해석상의 모든 문제는 국민건강보험법 및 관계법령의 정하는 바
에 따르기로 합니다."
36,391,제2조(상법 제735조3의 적용),"계약, 피보험자, 보험수익자",1172,1176,,"제2조(상법 제735조3의 적용) ① 제1조(적용범위)의 단체가 피보험자를 확정할 수 있고, 계약의 일괄적 ","제2조(상법 제735조3의 적용)
① 제1조(적용범위)의 단체가 피보험자를 확정할 수 있고, 계약의 일괄적 관리가 가능하며, 규약에 따라 계약을 체결하
는 경우 피보험자의 서면에 의한 동의를 얻지 않아도 되며 계약자에게만 보험증권을 드릴 수 있습니다.
② 제1항의 규약은 보험의 종류 및 일괄 가입에 관한 사항이 포함되어야 하며, 동의 또는 협의를 통하여 피보험자들의
의사가 규약에 반영될 수 있어야 합니다. 다만, 보험수익자를 계약자 등 피보험자의 이해에 반하는 자로 지정하는
경우에는 해당 내용이 규약에 반영되어야 하며, 반영되지 않은 경우에는 별도 피보험자의 동의를 받아야 합니다.
③ 회사는 계약자를 통해 단체의 규약이 제2항을 충족하고 있는지 확인해야 하며, 계약자는 이에 협조하여야 합니다."
37,393,제4조(피보험자의 증가·감소 또는 교체),"해지, 환급, 계약, 피보험자",1184,1191,,"제4조(피보험자의 증가·감소 또는 교체) ① 계약을 맺은 후 피보험자를 증가, 감소 또는 교체코자 하는 경우","제4조(피보험자의 증가·감소 또는 교체)
① 계약을 맺은 후 피보험자를 증가, 감소 또는 교체코자 하는 경우에는 계약자 또는 피보험자는 지체없이 서면으로
그 사실을 회사에 알리고 회사의 승인을 받아야 합니다.
② 이 계약기간 중 피보험자의 감소의 경우는 해당 피보험자의 계약은 해지된 것으로 하며 새로이 증가 또는 교체되는
피보험자의 보험기간은 이 계약의 남은 보험기간으로 하고, 이로 인하여 발생되는 추가 또는 환급보험료는 일단위
로 계산하여 받거나 돌려드립니다.
③ 회사는 제1항 및 제2항을 위반하였을 경우에 새로이 증가 또는 교체되는 해당 피보험자에 대하여는 보상하여 드리
지 않습니다.
④ 제1항에 따라 피보험자가 교체되는 경우에는 피보험자 교체 전 계약과 동일한 보장조건 및 인수기준에 따라 가입될
수 있으며, 피보험자 교체시점부터 잔여 보험기간(피보험자 교체 전 계약의 보험기간 만료일)까지 보상하여 드립니"
38,395,제5조(개별계약으로의 전환),"환급, 계약, 피보험자",1195,1202,43,제5조(개별계약으로의 전환) ① 피보험자가 퇴직 등의 사유로 피보험단체에서 탈퇴하는 경우 피보험자가 보험료의,"제5조(개별계약으로의 전환)
① 피보험자가 퇴직 등의 사유로 피보험단체에서 탈퇴하는 경우 피보험자가 보험료의 일부를 부담한 경우에 한하여
탈퇴일로부터 1개월 이내에 계약자 또는 피보험자는 회사의 승낙을 얻어 개별계약으로 전환할 수 있으며, 이 경우
피보험자는 개별계약의 계약자가 됩니다.
② 제1항에 따라 개별계약으로 전환 시에는 전환 후 피보험자의 보험기간은 이 계약의 남은 기간으로 하고, 이로 인하
여 발생하는 추가 또는 환급되는 보험료는 보험료 및 책임준비금 산출방법서에서 정한 바에 따라 일단위로 계산하

[Page 43]
하나 펫사랑보험 약관 | 43
여 받거나 돌려 드립니다."
39,401,제3조(보험료의 정산방법),"해지, 계약, 피보험자",1223,1229,,제3조(보험료의 정산방법) 보험료는 피보험자의 증감을 기초로 하여 다음과 같이 정산합니다. ① 보험계약자는 ,"제3조(보험료의 정산방법)
보험료는 피보험자의 증감을 기초로 하여 다음과 같이 정산합니다.
① 보험계약자는 매월 10일까지 전월말까지의 피보험자에 관한 서류를 회사에 제출하여야 합니다. 그러나 계약이 효
력상실 또는 해지된 경우에는 효력상실 또는 해지일까지의 보험료를 확정하기 위하여 필요한 서류를 효력상실 또
는 해지 즉시 회사에 제출하여야 합니다.
② 회사는 보험기간중이나 보험기간 만료 후 보험료를 산출하기 위하여 필요하다고 인정될 경우에는 보험계약자의 서
류를 열람할 수 있습니다.
③ 회사는 보험기간 만료와 동시에 피보험자수에 따라 산출된 확정보험료와 계약체결 시 산출한 예치보험료를 비교하
여 그 차액을 정산합니다."
40,409,1. 제1종 단체,기타,1256,1259,,"1. 제1종 단체 동일한 회사, 사업장, 관공서, 국영기업체, 조합 등 5인 이상의 근로자를 고용하고 있는 ","1. 제1종 단체
동일한 회사, 사업장, 관공서, 국영기업체, 조합 등 5인 이상의 근로자를 고용하고 있는 단체. 다만, 사업장, 직제, 직
종 등으로 구분되어 있는 경우의 단체소속 여부는 관련법규 등에서 정하는 바에 따릅니다.
단, 단체 구성원의 일부만을 대상으로 가입하는 경우에는 대상단체의 위험과 피보험단체의 위험의 동질성이 유지
되고 제1종 단체의 경우 단체의 내규에 의한 복지제도로서 노사합의에 의하며, 이 경우 보험료의 일부를 단체 또는
단체의 대표자가 부담하여야 합니다."
41,411,3. 제3종 단체,계약,1267,1270,,3. 제3종 단체 그밖에 단체의 구성원이 명확하고 위험의 동질성이 확보되어 계약의 일괄적인 관리가 가능한 단,"3. 제3종 단체
그밖에 단체의 구성원이 명확하고 위험의 동질성이 확보되어 계약의 일괄적인 관리가 가능한 단체로서 5인 이상의
구성원이 있는 단체
단, 단체 구성원의 일부만을 대상으로 가입하는 경우에는 대상단체의 위험과 피보험단체의 위험의 동질성이 유지
되고, 단체구성원과 단체 또는 단체대표자의 합의에 의하며 내규에 의해 단체의 대표자와 보험회사가 협정에 의해
체결하여야 합니다. 이 경우 보험료의 일부를 단체 또는 단체의 대표자가 부담하여야 합니다."
42,415,제3조(피보험자의 증가․감소 또는 교체),"해지, 환급, 계약, 피보험자",1279,1286,,제3조(피보험자의 증가․감소 또는 교체) ① 계약을 맺은 후 피보험자를 증가·감소 또는 교체코자 하는 경우에,"제3조(피보험자의 증가․감소 또는 교체)
① 계약을 맺은 후 피보험자를 증가·감소 또는 교체코자 하는 경우에는 계약자 또는 피보험자는 지체없이 서면으로
그 사실을 회사에 알리고 회사의 승인을 받아야 합니다.
② 이 계약기간 중 피보험자 감소의 경우는 해당 피보험자의 계약은 해지된 것으로 하며 새로이 증가 또는 교체되는
피보험자의 보험기간은 이 계약의 남은 보험기간으로 하고, 이로 인하여 발생되는 추가 또는 환급보험료는 일단위
로 계산하여 받거나 돌려드립니다.
③ 회사는 제1항 및 제2항을 위반하였을 경우에 새로이 증가 또는 교체되는 해당 피보험자에 대하여는 보상하여 드리
지 않습니다.
④ 제1항에 따라 피보험자가 교체되는 경우에는 피보험자 교체전 계약과 동일한 보장조건 및 인수기준에 따라 가입될
수 있으며, 피보험자 교체시점부터 잔여 보험기간(피보험자 교체전 계약의 보험기간 만료일)까지 보상하여 드립니"
43,431,1. 제1종 단체,기타,1336,1339,,"1. 제1종 단체 동일한 회사, 사업장, 관공서, 국영기업체, 조합 등 5인 이상의 근로자를 고용하고 있는 ","1. 제1종 단체
동일한 회사, 사업장, 관공서, 국영기업체, 조합 등 5인 이상의 근로자를 고용하고 있는 단체. 다만, 사업장, 직제, 직
종 등으로 구분되어 있는 경우의 단체소속 여부는 관련법규 등에서 정하는 바에 따릅니다.
단, 단체 구성원의 일부만을 대상으로 가입하는 경우에는 대상단체의 위험과 피보험단체의 위험의 동질성이 유지
되고 제1종 단체의 경우 단체의 내규에 의한 복지제도로서 노사합의에 의하며, 이 경우 보험료의 일부를 단체 또는
단체의 대표자가 부담하여야 합니다."
44,433,3. 제3종 단체,계약,1347,1350,,3. 제3종 단체 그밖에 단체의 구성원이 명확하고 위험의 동질성이 확보되어 계약의 일괄적인 관리가 가능한 단,"3. 제3종 단체
그밖에 단체의 구성원이 명확하고 위험의 동질성이 확보되어 계약의 일괄적인 관리가 가능한 단체로서 5인 이상의
구성원이 있는 단체
단, 단체 구성원의 일부만을 대상으로 가입하는 경우에는 대상단체의 위험과 피보험단체의 위험의 동질성이 유지
되고, 단체구성원과 단체 또는 단체대표자의 합의에 의하며 내규에 의해 단체의 대표자와 보험회사가 협정에 의해
체결하여야 합니다. 이 경우 보험료의 일부를 단체 또는 단체의 대표자가 부담하여야 합니다."
45,435,제2조(대표계약자),계약,1356,1360,,제2조(대표계약자) ① 제1조(적용범위)에서 정한 단체의 보험료 전부 또는 일부를 부담하는 다수계약자가 있는,"제2조(대표계약자)
① 제1조(적용범위)에서 정한 단체의 보험료 전부 또는 일부를 부담하는 다수계약자가 있는 경우에는 그 권한을 위임
받은 대표계약자를 지정할 수 있습니다.
② 대표계약자는 개별계약자를 대리하여 회사에 보험료를 납입하여야 하며, 회사는 보험증권(보험가입증서), 약관, 납
입보험료에 대한 영수증을 대표계약자에게 드립니다.
③ 위 제1항 내지 제2항에도 불구하고 개별계약자는 다른 계약자의 권리를 침해하지 않는 범위에서 계약자의 권리와
의무를 행사할 수 있다."
46,436,제3조(피보험자의 증가·감소 또는 교체),"해지, 환급, 계약, 피보험자",1363,1370,,제3조(피보험자의 증가·감소 또는 교체) ① 계약을 맺은 후 피보험자를 증가·감소 또는 교체코자 하는 경우에,"제3조(피보험자의 증가·감소 또는 교체)
① 계약을 맺은 후 피보험자를 증가·감소 또는 교체코자 하는 경우에는 대표계약자, 개별계약자 또는 피보험자는 지체
없이 서면으로 그 사실을 회사에 알리고 회사의 승인을 받아야 합니다.
② 이 계약기간 중 피보험자 감소의 경우는 해당 피보험자의 계약은 해지된 것으로 하며 새로이 증가 또는 교체되는
피보험자의 보험기간은 이 계약의 남은 보험기간으로 하고, 이로 인하여 발생되는 추가 또는 환급보험료는 일단위
로 계산하여 받거나 돌려드립니다.
③ 회사는 제1항 및 제2항을 위반하였을 경우에 새로이 증가 또는 교체되는 해당 피보험자에 대하여는 보상하여 드리
지 않습니다.
④ 제1항에 따라 피보험자가 교체되는 경우에는 피보험자 교체전 계약의 동일한 보장조건 및 인수기준에 따라 가입될
수 있으며, 피보험자 교체시점부터 잔여 보험기간(피보험자 교체전 계약의 보험기간 만료일)까지 보상하여 드립니"
47,453,제3조(피보험자의 증가·감소 또는 교체),"해지, 환급, 계약, 피보험자",1424,1429,,제3조(피보험자의 증가·감소 또는 교체) ① 계약을 맺은 후 피보험자를 증가·감소 또는 교체코자 하는 경우에,"제3조(피보험자의 증가·감소 또는 교체)
① 계약을 맺은 후 피보험자를 증가·감소 또는 교체코자 하는 경우에는 계약자 또는 피보험자는 지체없이 서면으로
그 사실을 회사에 알리고 회사의 승인을 받아야 합니다.
② 보험기간 중 피보험자의 감소의 경우는 당해 피보험자의 계약은 해지된 것으로 하며, 새로이 증가 또는 교체되는
피보험자의 보험기간은 이 계약의 남은 보험기간으로 하고, 이로 인해 발생되는 추가 또는 환급보험료는 일단위로
계산하여 받거나 돌려드립니다.
③ 회사는 계약자 또는 피보험자가 제1항, 제2항을 위반하였을 경우에 새로이 증가 또는 교체되는 당해 피보험자에 대
하여는 보상하여 드리지 않습니다."
48,471,제3조(약관교부의 특례),"청약, 계약, 설명서",1492,1495,,"제3조(약관교부의 특례) ① 계약자가 동의하는 경우 상품설명서, 보험약관 및 계약자 보관용 청약서(청약서 부","제3조(약관교부의 특례)
① 계약자가 동의하는 경우 상품설명서, 보험약관 및 계약자 보관용 청약서(청약서 부본), 보험증권(보험가입증권) 등
(이하 “보험계약 안내자료”라 합니다)을 광기록매체 및 전자우편 등 전자적 방법으로 교부하고, 계약자 또는 그 대
리인이 보험계약 안내자료를 수령하였을 때에는 당해 문서를 드린 것으로 봅니다.
② 계약자가 보험계약 안내자료에 대하여 전자적 방법의 수령을 원하지 않거나 서면교부를 요청하는 경우에는 청약한
날로부터 5영업일 이내에 보험계약 안내자료를 우편 등의 방법으로 계약자에게 드립니다."
49,472,제4조(보험계약자의 알릴의무),계약,1498,1504,,제4조(보험계약자의 알릴의무) ① 계약자가 제3조(약관교부의 특례) 제1항에 정한 방법으로 보험계약 안내자료,"제4조(보험계약자의 알릴의무)
① 계약자가 제3조(약관교부의 특례) 제1항에 정한 방법으로 보험계약 안내자료를 수령하고 자 하는 경우 계약을 청
약할 때 보험계약 안내자료를 수령할 전자우편(이메일) 주소를 지정하여 회사에 알려야 합니다.
② 제1항에서 지정한 전자우편(이메일) 주소가 변경되거나 사용 정지된 경우에는 그 사실을 지체없이 회사에 알려야
합니다.
③ 제1항 또는 제2항에서 지정한 전자우편(이메일) 주소를 사실과 다르게 알리거나 알리지 않은 경우에는 회사가 알
고 있는 최근의 전자우편(이메일) 주소로 보험계약 안내자료를 교부함으로써 회사의 보험계약 안내자료 제공의무
를 다한 것으로 보며, 전자우편(이메일) 주소를 사실과 다르게 알리거나 알리지 않아 발생하는 불이익은 계약자가
부담합니다."
50,484,제5조(보험금 지급 등의 절차),"보험금, 청구, 지급, 보험수익자",1537,1540,,제5조(보험금 지급 등의 절차) ① 지정대리청구인은 제6조(보험금 청구시 구비서류)에 정한 구비서류 및 제1,"제5조(보험금 지급 등의 절차)
① 지정대리청구인은 제6조(보험금 청구시 구비서류)에 정한 구비서류 및 제1조(적용대상)의 보험수익자가 보험금을
직접 청구할 수 없는 특별한 사정이 있음을 증명하는 서류를 제출하고 회사의 승낙을 얻어 제1조(적용대상)의 보험
수익자의 대리인으로서 보험금(사망보험금 제외)을 청구하고 수령할 수 있습니다.
② 회사가 보험금을 지정대리청구인에게 지급한 경우에는 그 이후 보험금 청구를 받더라도 회사는 이를 지급하지 않
습니다."
51,493,제1조(보험금의 지급사유),"보험금, 지급, 피보험자, 보험수익자, 손해, 배상",1556,1567,,제1조(보험금의 지급사유) ① 회사는 피보험자가 이 특별약관의 보험기간 중에 자가용 자동차를 운전하던 중에 ,"제1조(보험금의 지급사유)
① 회사는 피보험자가 이 특별약관의 보험기간 중에 자가용 자동차를 운전하던 중에 발생한 급격하고도 우연한 외래
의 사고의 직접적인 결과로 인하여 외형상의 반흔이나 추상장해, 신체의 기형이나 기능장해가 발생하여 그 원상회
복을 위해 사고일로부터 1년 이내에 성형외과 전문의로부터 성형수술을 받은 경우에는 1사고당 보험증권에 기재
된 이 특별약관의 보험가입금액을 자동차사고성형치료비로 보험수익자에게 지급합니다. 다만, 미용을 위한 성형
수술을 받은 경우에는 보험금을 지급하지 않습니다.
② 제1항에서 ｢자동차｣라 함은 자동차관리법 시행규칙 제2조에 정한 승용자동차, 승합자동차, 화물자동차, 특수자동
차, 이륜자동차 및 자동차손해배상보장법 시행령 제2조에 정한 건설기계(덤프트럭, 타이어식 기중기, 콘크리트믹
서트럭, 트럭적재식 콘크리트펌프, 트럭적재식 아스팔트살포기, 타이어식 굴삭기, 노면측정장비(노면측정장치를
가진 자주식인 것을 말한다), 트럭지게차, 도로보수트럭)를 말합니다. 이 경우 관련 법규가 변경되어 새로운 항목이
추가되는 경우에는 그 항목도 포함하는 것으로 합니다. 다만, 건설기계가 작업기계로 사용되는 동안은 자동차로 보
지 않습니다.
③ 제1항에서 ｢운전｣이라 함은 도로여부, 주정차여부, 엔진의 시동여부를 불문하고 피보험자가 자동차 운전석에 탑승
하여 핸들을 조작하거나 조작가능한 상태에 있는 것을 말합니다."
52,494,제2조(보험금 지급에 관한 세부규정),"보험금, 지급, 피보험자, 보험수익자",1570,1575,,제2조(보험금 지급에 관한 세부규정) ① 피보험자가 같은 사고로 제1조(보험금의 지급사유)에서 정한 성형수술,"제2조(보험금 지급에 관한 세부규정)
① 피보험자가 같은 사고로 제1조(보험금의 지급사유)에서 정한 성형수술을 두 번 이상 받은 경우에는 1회에 한하여
보험금을 지급합니다.
② 보험수익자와 회사가 제1조(보험금의 지급사유)의 보험금 지급사유에 대해 합의하지 못할 때는 보험수익자와 회
사가 함께 제3자를 정하고 그 제3자의 의견에 따를 수 있습니다. 제3자는 의료법 제3조(의료기관)에 규정한 종합병
원 소속 전문의 중에 정하며, 보험금 지급사유 판정에 드는 의료비용은 회사가 전액 부담합니다.
【의료법 제3조(의료기관)】
② 의료기관은 다음 각 호와 같이 구분한다."
53,507,제4조(“수술”의 정의와 장소),정의,1594,1611,58,"제4조(“수술”의 정의와 장소) ① 이 특별약관에서 “수술”이라 함은 병원 또는 의원의 의사, 치과의사의 면","제4조(“수술”의 정의와 장소)
① 이 특별약관에서 “수술”이라 함은 병원 또는 의원의 의사, 치과의사의 면허를 가진 자(이하 “의사”라 합니다)에 의
하여 치료가 필요하다고 인정한 경우로서 자택 등에서 치료가 곤란하여 의료법 제3조(의료기관) 제2항에 정한 국
내의 병원이나 의원 또는 국외의 의료관련법에서 정한 의료기관에서 의사의 관리 하에 치료를 직접적인 목적으로
의료 기구를 사용하여 생체(生體)에 절단(切斷), 절제(切除) 등의 조작(操作)을 가하는 것을 말합니다. 단, 흡인(吸
引), 천자(穿刺) 등의 조치 및 신경(神經)차단(NERVE BLOCK)은 제외합니다.

[Page 58]
58 | 하나 펫사랑보험 약관
【용어풀이】
절단(切斷) : 특정부위를 잘라 내는 것
절제(切除) : 특정부위를 잘라 없애는 것
흡인(吸引) : 주사기 등으로 빨아들이는 것
천자(穿刺) : 바늘 또는 관을 꽂아 체액･조직을 뽑아내거나 약물을 주입하는 것
② 제1항의 수술은 보건복지부 산하 신의료기술평가위원회(향후 제도변경 시에는 동 위원회와 동일한 기능을 수행하
는 기관)로부터 안전성과 치료효과를 인정받은 최신 수술기법으로 생체(生體)에 절단(切斷), 절제(切除) 등의 조작
(操作)을 가하는 것을 포함합니다.
【신의료기술평가위원회】
의료법 제54조(신의료기술평가위원회의 설치 등)에 의거 설치된 위원회로서 신의료기술에 관한 최고의 심의
기구를 말합니다."
54,510,1. Notwithstanding any provision to the contr,기타,1620,1624,,1. Notwithstanding any provision to the contrary within this,"1. Notwithstanding any provision to the contrary within this reinsurance agreement, this reinsurance
agreement excludes all actual or alleged loss, liability, damage, compensation, injury, sickness, disease,
death, medical payment, defense cost, cost, expense or any other amount incurred by or accruing to the
reinsured, directly or indirectly and regardless of any other cause contributing concurrently or in any
sequence, originating from, caused by, arising out of, contributed to by, resulting from, or otherwise in
connection with a Communicable Disease or the fear or threat (whether actual or perceived) of a
Communicable Disease."
55,511,"2. As used herein, a Communicable Disease mea",기타,1627,1637,,"2. As used herein, a Communicable Disease means any disease ","2. As used herein, a Communicable Disease means any disease which can be transmitted by means of any
substance or agent from any organism to another organism where:
2.1. the substance or agent includes, but is not limited to, a virus, bacterium, parasite or other organism or
any variation thereof, whether deemed living or not, and
2.2. the method of transmission, whether direct or indirect, includes but is not limited to, airborne
transmission, bodily fluid transmission, transmission from or to any surface or object, solid, liquid or gas
or between organisms, and
2.3. the disease, substance or agent can cause or threaten bodily injury, illness, emotional distress or damage
to human health, human welfare or property damage.
The below version in Korean language is for translation purpose only. In case of any discrepancy between the
English version (which is original) and the Korean version (which is for translation purpose only), the English
version always prevails and shall be the only "
56,511,"2. As used herein, a Communicable Disease mea",기타,1627,1637,,screpancy between the English version (which is original) an,"screpancy between the
English version (which is original) and the Korean version (which is for translation purpose only), the English
version always prevails and shall be the only original contractual wording binding on the parties in case of any
dispute."
57,512,1. 본 재보험 계약상 반대되는 조항이 있다고 하더라도 감염병 또는 감염병에 대한,"계약, 배상",1640,1642,,1. 본 재보험 계약상 반대되는 조항이 있다고 하더라도 감염병 또는 감염병에 대한 (실제 또는 인식된) 공포,"1. 본 재보험 계약상 반대되는 조항이 있다고 하더라도 감염병 또는 감염병에 대한 (실제 또는 인식된) 공포 및 위협으
로 인해 출재사에 직간접적으로 야기, 기여, 기인되거나 원인 또는 연관이 되어 발생하는 모든 실제 또는 추정 손실,
배상책임, 피해보상, 상해, 병, 질병, 사망, 의료 비용, 방어 비용, 일반 비용, 경비 또는 기타 비용은 본 재보험의 보상
범위에서 제외되며, 그러한 손실 등의 발생에 기여하는 다른 원인이 동시에 혹은 어떠한 순서에 따라 발생했는지 여
부와 관계없이 제외됩니다."
58,513,2. 본 계약서상에서 사용되는 감염병이라는 용어는 어느 한 유기체에서 다른 유기체,"계약, 분쟁",1645,1653,,2. 본 계약서상에서 사용되는 감염병이라는 용어는 어느 한 유기체에서 다른 유기체로 어떠한 물질 또는 매개체,"2. 본 계약서상에서 사용되는 감염병이라는 용어는 어느 한 유기체에서 다른 유기체로 어떠한 물질 또는 매개체를 통
해 전파되는 모든 질병을 의미하며 아래의 경우가 해당됩니다.
2.1. 해당 물질 또는 매개체에는 바이러스, 박테리아, 기생충 또는 기타 유기체나 그 변종 등을 포함하되 이에 한정되
지 않으며, 살아있다고 인식되는지 여부는 불문함
2.2. 직간접적으로 전파되는 형태에는 공기 중 전염, 체액을 통한 전염, 물체의 표면 또는 고체, 액체, 기체 등의 물체
를 통한 전염, 또는 유기체 간의 전염 등이 포함되며 이에 한정되지 아니함
2.3. 해당 질병, 전염 물질 또는 매개체가 신체 상해, 질환 및 정신적 피해 또는 인간의 건강과 안위에 대한 피해를
야기하거나 그러한 피해가 발생할 수 있는 위협이 되는 경우 또는 재물의 피해를 야기하거나 피해가 발생할 수
있는 위협이 되는 경우
밑의 국문은 위 영문 원본을 이해를 돕기 위한 번역본입니다. 영문본(원본)과 국문본(번역본) 사이에 여하한 상이점이
있을 경우, 언제나 영문본이 우선하며, 오로지 영문본만이 분쟁 발생시 당사자 사이의 유일한 구속력 있는 합의가 됩니"
